<?xml version="1.0" encoding="UTF-8"?>
<project-private xmlns="http://www.netbeans.org/ns/project-private/1">
    <editor-bookmarks xmlns="http://www.netbeans.org/ns/editor-bookmarks/2" lastBookmarkId="0"/>
    <open-files xmlns="http://www.netbeans.org/ns/projectui-open-files/2">
        <group>
            <file>file:/C:/Users/brij-pc/Documents/NetBeansProjects/student-db-system/StudentDB/src/java/RemoveStudentServ.java</file>
            <file>file:/C:/Users/brij-pc/Documents/NetBeansProjects/student-db-system/StudentDB/web/ViewStudent.jsp</file>
            <file>file:/C:/Users/brij-pc/Documents/NetBeansProjects/student-db-system/StudentDB/web/AddStudent.jsp</file>
            <file>file:/C:/Users/brij-pc/Documents/NetBeansProjects/student-db-system/StudentDB/src/java/View.java</file>
            <file>file:/C:/Users/brij-pc/Documents/NetBeansProjects/student-db-system/StudentDB/src/java/AddStudentServ.java</file>
            <file>file:/C:/Users/brij-pc/Documents/NetBeansProjects/student-db-system/StudentDB/src/java/UpdateStudentServ.java</file>
            <file>file:/C:/Users/brij-pc/Documents/NetBeansProjects/student-db-system/StudentDB/src/java/AdminLogin.java</file>
            <file>file:/C:/Users/brij-pc/Documents/NetBeansProjects/student-db-system/StudentDB/web/UpdateStudent.jsp</file>
            <file>file:/C:/Users/brij-pc/Documents/NetBeansProjects/student-db-system/StudentDB/src/java/Home.java</file>
        </group>
    </open-files>
</project-private>
